First_name,Last_name,Email_address,Homephone,Street,City,State,Zipcode
Mary Kate,Curry,wmppydaymaker@jumpstartlab.com,21230,Baltimore,MD,1509 Jackson Street,2023281000
Sarah,Cordova,tmai.202@jumpstartlab.com,21044,Columbia,MD,5430 Hesperus Drive,4109639000
Greg,Dzara,jmpender@jumpstartlab.com,20912,Takoma Park,MD,122 Park Avenue,3012702000
Jacqueline,Chan,dpstrunn@jumpstartlab.com,20904,Silver Spring,MD,4 Delford Ave,2022567000
Ann,MacConnell,suslandgurl@jumpstartlab.com,21754,Ijamsville,MD,11025 Graymarsh Place,5145448000
Caitlin,Spitz,guhn@jumpstartlab.com,20712,Mount Rainier,MD,4405 29th Street,2408998000
Megan,Fea,mball13@jumpstartlab.com,21208,Baltimore,MD,2908 Old Court Road,4103820000
Gena,Taylor,kabbbbbnnnnnnn@jumpstartlab.com,21044,Columbia,MD,11846 Winterlong Way,4109086000
Jordan,Neer,oklerd52@jumpstartlab.com,21771,Mount Airy,MD,7501 Mayfair Court,3014714000
Emma,Bookstein,vranaveytsman@jumpstartlab.com,21784,Eldersburg,MD,6120 Snowden's Run,3109024000
Laura,Rios,iltherine.durkin@jumpstartlab.com,20912,Takoma Park,MD,705 Colby Ave.,2408930000
Abby,Lam,kdmes.paul89@jumpstartlab.com,20896,Garrett Park,MD,P O Box 346,2404780000
Edward,Mathieson,uwackett@jumpstartlab.com,20895,Kensington,MD,5011 Flanders Ave.,3014486000
Urs,Stein,oaycejc3@jumpstartlab.com,20814,Bethesda,MD,5217 Elsmere Ave.,3018285000
Kris,Forrester,fcuerra1@jumpstartlab.com,20814,Bethesda,MD,10233 Farnham Drive,3017676000
Helene,Van Beek,vsckmajm@jumpstartlab.com,20902,Silver Spring,MD,11501 Regnid Dr.,2027010000
Jane,Dahan,sfarrell@jumpstartlab.com,20817,Bethesda,MD,9802 Holmhurst Rd,3019103000
Vinicio,Healey,tyicastout@jumpstartlab.com,21797,Woodbine,MD,2800 Ducall Road,3019103000
Peter,Farrell,orll18@jumpstartlab.com,20850,Rockville,MD,117 S Van Buren St,3019103000
Emily,Wolochow,mjith.farrell@jumpstartlab.com,20891,Kensington,MD,4413 Everett St,XXXXXXXXXX
Viktoria,Thibodeaux,oiresch@jumpstartlab.com,20906,Silver Spring,MD,3335 Hewitt Ave apt 302,2406711000
Bill,Epstein,iiomasem@jumpstartlab.com,20910,Silver Spring,MD,2006 Luzerne Ave.,2406028000
ETSU,De Haven,xglackwell.tidline@jumpstartlab.com,20815,Chevy Chase,MD,2616 Colston Drive,2404780000
Kathryn,Hardy,vsilliard@jumpstartlab.com,20896,Garrett Park,MD,4400 Cambria Avenue,3019227000
Max,Young,mbrena.whitridge@jumpstartlab.com,20737,Riverdale,MD,5912 Somerset Rd.,3017870000
Mariana,Hayes,xvicia.normand@jumpstartlab.com,20912,Takoma Park,MD,"6935 Laurel Ave, #201",7182906000
Robert,Larkins,gmssicacrivas@jumpstartlab.com,21122,Pasadena,MD,8094 Ventnor Road,4436184000
Sarah,Ojeh,bfkelly@jumpstartlab.com,20742,College Park,MD,8000 Boteler Lane Appt 248A,4104743000
Alex,Garrett,taistin.sullivan@jumpstartlab.com,20742,College Park,MD,"",9084777000
Stephanie,Udell,ihtherinemhoffman@jumpstartlab.com,20720,Bowie,MD,"10419 Glen Manor Dr.,",2024980000
Dea,Frey,ftuffman_k@jumpstartlab.com,21701,Frederick,MD,401 Rosemont Ave,6094254000
Joe,Rizzo,eooss_a@jumpstartlab.com,20740,College Park,MD,"",2405358000
Martina,Panacionne,dqkevill@jumpstartlab.com,21793,Walkersville,MD,PO Box 82,3018988000
Null,Beadle,ehdungan@jumpstartlab.com,21157,Westminster,MD,628 Barnes Ave,4108480000
Ben,Stafne,crerymac13@jumpstartlab.com,21157,Westminster,MD,628 Barnes Ave,4108480000
Audrie,Judge,rhfo8296@jumpstartlab.com,21157,Westminster,MD,2084 Old Fridinger Mill Rd,4108570000
Annie,Young,pqrl.stockman@jumpstartlab.com,21157,Westminster,MD,2084 Old Fridinger Mill Rd,4108570000
Andrew,Bauer,kpttri@jumpstartlab.com,21157,Westminster,MD,3032 Bird View Rd,4436054000
Elizabeth,Derek,myugg@jumpstartlab.com,21157,Westminster,MD,3140 Slippery Elm Ct,4436044000
Kaitlin,Theve,pcthan.taylor05@jumpstartlab.com,21045,Columbia,MD,5911 Millrace Ct,XXXXXXXXXX
Chuck,Evans-Verret,qhrphy_jp@jumpstartlab.com,21048,Westminster,MD,2748 Old Westminster Pike,4438231000
Ali,Maurer,bsicksam@jumpstartlab.com,21521,Cumberland,MD,60 Pershing St,2405222000
John,Huber,nileyd@jumpstartlab.com,21521,Cumberland,MD,60 Pershing St,3016897000
Catherine,Ng,nhrtonwa@jumpstartlab.com,20815,Chevy Chase,MD,3512 Woodbine St,2406455000
Dominika,Calderado,jnyres@jumpstartlab.com,20740,College Park,MD,8000 Boteler Lane Apt. 716,3013184000
Corey,Morris,wvz7y@jumpstartlab.com,20740,College Park,MD,8000 Boteler Lane Apt. 716,3013184000
Nichol,Lally,xwckandahalf@jumpstartlab.com,20707,Laurel,MD,15611 Straughn Drive,2405931000
Andrew,Waisbren,xkectrae@jumpstartlab.com,20742,College Park,MD,"247-10 Leonardtown Hall, University of Maryland",3013184000
Danielle,Chan,dqagles64@jumpstartlab.com,20740,College Park,MD,"6901 Preinkert Drive, Apt. 6601C",5186510000
Sam,Bates,gver0030@jumpstartlab.com,20742,College Park,MD,"4215 Centreville Hall, University of Maryland",8479428000
Christina,Force,jtessert@jumpstartlab.com,20740,College Park,MD,8000 Boteler Lane Apt. 716,3013184000
Amelia,Huggenkiss,namcgaughey@jumpstartlab.com,20740,College Park,MD,8000 Boteler Lane,3013184000
Bart,Zwicker,assinclair10@jumpstartlab.com,21409,Annapolis,MD,1414 Anna Marie Ct.,4102124000
Keith,Perez,bjui172@jumpstartlab.com,20740,College Park,MD,8000 Boteler Lane,4105969000
Jessie,Moore,suowe@jumpstartlab.com,20740,College Park,MD,8000 Boteler Lane,3013184000
Nicole,Neal,yyrown47@jumpstartlab.com,21217,Baltimore,MD,1916 Mt. Royal Terrace,8605502000
Nicolas,Schiller,hsrahmills.sullivan@jumpstartlab.com,20815,Chevy Chase,MD,4910 Cumberland Avenue,3016545000
Ian,O'Shaughnessy,rwthomaswallace@jumpstartlab.com,21157,Westminster,MD,628 Barnes Ave,4102592000
Tracy,Burdiss,fok32@jumpstartlab.com,21228,Catonsville,MD,28 Heather Hill Rd,4436177000
Tatiana,Maccabe,mrise.gabriel@jumpstartlab.com,21250,Baltimore,MD,1000 Hilltop Circle,3017856000
Joe,Lepore,uhenanova3@jumpstartlab.com,21250,Baltimore,MD,1000 Hilltop Circle,4437563000
Will,Peterson,if7233a@jumpstartlab.com,21250,Baltimore,MD,1000 Hilltop Circle,3016462000
Bryan,Somor,lwxiechick_heeler@jumpstartlab.com,21250,Baltimore,MD,1000 Hilltop Circle,4104195000
Andrew,Cine,frkeith@jumpstartlab.com,21084,Jarrettsville,MD,28 Advocate Hill Dr,4435283000
Jessica,Stockman,ewmms711@jumpstartlab.com,21250,Baltimore,MD,1000 Hilltop Circle,4439383000
Jessica,Lumbert,tl@jumpstartlab.com,21250,Baltimore,MD,1000 Hilltop Circle,3019193000
Catherine,Placey,vflly@jumpstartlab.com,21250,Baltimore,MD,1000 Hilltop Circle,8452641000
Elizabeth,Hindes,nlristopherbentley@jumpstartlab.com,21250,Baltimore,MD,1000 Hilltop Circle,4104408000
Shannon,Phillips,yuhrenwerth@jumpstartlab.com,21250,Baltimore,MD,1000 Hilltop Circle,2023290000
Gabriela,Kiener,apaire.rosenkvist@jumpstartlab.com,21250,Baltimore,MD,1000 Hilltop Circle,4104093000
Ryan,Duncombe,hamp9321@jumpstartlab.com,21250,Baltimore,MD,1000 Hilltop Circle,2038042000
Katelyn,Jenkins,kqryan@jumpstartlab.com,21412,Annapolis,MD,P.O. Box 15403,9522396000
David,Two,mcmelhorn@jumpstartlab.com,20906,Silver Spring,MD,14001 Blazer Lane,3019105000
William,Gardner,xgc1@jumpstartlab.com,20686,St. Mary's City,MD,Campus Center 2527 16800 Pt. Lookout Rd,4029904000
Francisco,Rush,siather.jennings@jumpstartlab.com,20686,St. Mary's City,MD,"Campus Center #1754, 16800 Point Lookout Rd",2406201000
Leah,Lapointe,vbmzar@jumpstartlab.com,20686,St. Mary's City,MD,16800 Point Lookout Rd.,2406201000
Jessica,Barrows,kphndoe13@jumpstartlab.com,20686,St Mary's City,MD,16800 Point Lookout Road,2406201000
Kaitlin,Santiago,gflajagger@jumpstartlab.com,20686,St. Mary's City,MD,"Campus Center 2714, 16800 Point Lookout Rd.",5038053000
Sophia,Tecleab,cicampbe@jumpstartlab.com,20686,St Mary's city,MD,Campus center 1346 16800 point lookout rd,4103704000
Robert,Oorthuys,awndol_n@jumpstartlab.com,20686,St Mary's City,MD,16800 Point Lookout Road,7178564000
Mollie,Mussehl,juworthy@jumpstartlab.com,20686,Laurel,MD,"Campus Center #1067, 16800 Point Lookout Road",3019432000
Allegra,Lopez,qssminemerriweather@jumpstartlab.com,20686,St Mary's City,MD,"Campus Center 1912, 16800 Point Lookout Rd",7034240000
Ginny,Bartlett,fuberly.sinclair@jumpstartlab.com,20686,St. Mary's city,MD,16800 point look road,5555555000
Katya,Oliver,pemoba6@jumpstartlab.com,20686,st marys city,MD,16800 point lookout rd,5555555000
Laney,Tyson,kaghav.goyal@jumpstartlab.com,20686,St. Mary's City,MD,16800 Pt Lookout Rd,3213215000
Heather,Foley,ctOHNSON716@jumpstartlab.com,20686,st marys city,MD,16800 point lookout rd,5555555000
Rachel,Redmond,tcreilly@jumpstartlab.com,20686,St. marys city,MD,16800 Pt Lookout Rd,3213215000
Ragini,Moss,yusse.d.fries@jumpstartlab.com,20686,st marys city,MD,16800 Point lookout rd,5555555000
Kadie,Hillman,agara_wright@jumpstartlab.com,20686,st marys city,MD,16800 Point lookout rd,5555555000
Erin,Schy,rjchel.howson@jumpstartlab.com,20686,St. Marys City,MD,16800 Pt Lookout Rd,3213215000
Aida,Nutter-Upham,guazar@jumpstartlab.com,20686,st marys city,MD,16800 Point lookout rd,5555555000
Zach,Jones,olffj@jumpstartlab.com,20686,St. Mary's City,MD,16800 Pt Lookout Rd,3213215000
Teen,Waldo,vf9gw@jumpstartlab.com,20686,st marys city,MD,16800 Point lookout rd,5555555000
Lindsay,Migliorini,jk2184a@jumpstartlab.com,20686,St. Mary's City,MD,16800 Pt Lookout Rd,3213215000
Rebecca,Seeliger,yocoburn@jumpstartlab.com,20686,st marys city,MD,16800 Point lookout rd,5555555000
Jessica,Dulys-Nusbaum,nvimslopez@jumpstartlab.com,20686,St. Mary's City,MD,16800 Pt Lookout Rd,3213215000
Stacy,Peeler,tarta.musial@jumpstartlab.com,20686,st marys city,MD,16800 Point lookout rd,5555555000
Linda,Peterson,qaarren@jumpstartlab.com,20686,St. Mary's City,MD,16800 Pt Lookout Rd,3213215000
Brandon,Hoh,hleyew@jumpstartlab.com,20686,st marys city,MD,16800 Point lookout rd,5555555000
Katie,Rodriguez,kkhorn@jumpstartlab.com,20686,St. Mary's City,MD,16800 Point Lookout Rd.,3213215000
Nora,Bender,jxhnathon.daniel@jumpstartlab.com,20686,st marys city,MD,16800 point lookout rd,5555555000
Courtney,Kuria,vlk58@jumpstartlab.com,20686,st marys city,MD,16800 Point lookout rd,5555555000
Sara,Collier,xbenybn@jumpstartlab.com,20686,st marys city,MD,16800 Point lookout rd,5555555000
Laura,Thai,oally.sharrow@jumpstartlab.com,20686,st marys city,MD,16800 Point lookout rd,5555555000
John,Fink,stiorio@jumpstartlab.com,20686,St. Mary's City,MD,16800 Point Lookout Rd.,3213215000
Myriam,Chase,jevesayj@jumpstartlab.com,20686,st marys city,MD,16800 Point lookout rd,5555555000
Chris,Bradley,chehli.1@jumpstartlab.com,20686,St. Mary's City,MD,16800 Point Lookout Rd.,3213215000
Danielle,Warren,okwhiteman@jumpstartlab.com,20686,st marys cityq,MD,16800 Point lookout rd,5555555000
Lisa,Kearney,vkeygordon@jumpstartlab.com,20686,st marys city,MD,16800 Point lookout rd,5555555000
Gabrielle,Stoneking,jostilllusesabeeper@jumpstartlab.com,20686,st marys city,MD,16800 Point lookout rd,5555555000
Jake,Hall,ifinero@jumpstartlab.com,20686,St. Mary's City,MD,16800 Point Lookout Rd.,4029904000
Bret,Ebersole,yhsloa08@jumpstartlab.com,20686,st marys city,MD,16800 Point lookout rd,5555555000
Nell,Houghton,vjm2865@jumpstartlab.com,20686,St. Mary's City,MD,16800 Point Lookout Rd.,4029904000
Robert,Wein,yahrison@jumpstartlab.com,20686,st marys city,MD,16800 Point lookout rd,5555555000
Ashley,Lopez,vermideo@jumpstartlab.com,20686,st marys city,MD,16800 Point lookout rd,5555555000
John,Jahne,qyieff@jumpstartlab.com,20686,st marys city,MD,16800 Point lookout rd,5555555000
Hannah,Moskowitz,rbolley@jumpstartlab.com,20686,yhfh,MD,16800 Point Lookout Rd.,4029904000
Tony,Reay,uxffret@jumpstartlab.com,20686,st marys city,MD,16800 Point lookout rd,5555555000
Eliza,Baker,ykvinga@jumpstartlab.com,21210,Baltimore,MD,MS 2361 Loyola College 4501 North Charles St,9086982000
Natalie,Fowler,netite_nombre@jumpstartlab.com,21210,Baltimore,MD,MS 2361 4501 N Charles St,9086982000
William,Davies,rxowden3@jumpstartlab.com,21210,Baltimore,MD,MS 2361 4501 N. Charles St,9086982000
Sarah,Null,rcverburg@jumpstartlab.com,21210,Baltimore,MD,MS 2361 4501 N. Charles St,9086982000
Jennifer,Donnelly,qxaschreck@jumpstartlab.com,21210,Baltimore,MD,2361 4501 N. Charles St,9086982000
Shelby,Sullivan,bereenberg@jumpstartlab.com,21210,Baltimore,MD,MS 2361 4501 N Charles St,6312912000
Courtney,Evans,agatsfunny1688@jumpstartlab.com,21210,Baltimore,MD,MS 3356 Loyola College 4501 N Charles St,4103702000
Wendy,Hunter,elgerow@jumpstartlab.com,21210,Baltimore,MD,MS 2361 4501 N Charles St,9087525000
Lance,Ter Kuile,yboaks@jumpstartlab.com,21210,Baltimore,MD,124,6318735000
Chris,Whitney,bcisher@jumpstartlab.com,21210,Baltimore,MD,456,4103702000
Null,McCusker,papokuag@jumpstartlab.com,20910,Silver Spring,MD,"1519 East Falkland Ln, Apt 154",5082748000
Minrose,Richards,klsheac@jumpstartlab.com,20742,College Park,MD,"5215 Centreville Hall, University of Maryland",6179353000
Diana,Kolodin,mqrosent@jumpstartlab.com,20817,College Park,MD,4226A Guilford Dr,3017872000
Kevin,Balinsky-Baker,xlarab1@jumpstartlab.com,20912,Takoma Park,MD,7600 Flower Ave.,9145844000
Richard,Herman,xb@jumpstartlab.com,20912,Takoma Park,MD,1001 Kennebec Ave.,7322997000
Michael,Embick,sdfonteyne@jumpstartlab.com,20912,"Takoma Park,",MD,7600 Flower Ave.,9136871000
X,Litzenberg,bfoseen@jumpstartlab.com,20866,Burtonsville,MD,15144 Red Cedar Dr.,2403508000
Melissa,Stachowski,dnhimjolly@jumpstartlab.com,20866,Burtonsville,MD,15144 Red Cedar Dr.,3015189000
Dani,Becker,uxch.hastings@jumpstartlab.com,20912,Takoma Park,MD,7600 Flower Ave.,2403869000
Milton,Lister,dqingold@jumpstartlab.com,20912,Takoma Park,MD,7600 Flower Ave.,3018914000
Laura,Voutour,tuyrotenberg@jumpstartlab.com,20770,Greenbelt,MD,2 P Plateau Pl,3014740000
Jessica,Svoboda,vxitkens724@jumpstartlab.com,21210,Baltimore,MD,4501 N Charles St. MS 2700,8608106000
Jesse,Doe,gsaddario@jumpstartlab.com,20904,Silver Spring,MD,1304 Peaceful Lane,7174482000
Sheila,Slote,gdristina.holland@jumpstartlab.com,20723,Laurel,MD,8252 Sandy Stream Road,3019741000
Daniel,Doe,iicmseac@jumpstartlab.com,20783,Hyattsville,MD,7951 15th Ave #201,3013184000
Katie,Hopkins,gbnichol@jumpstartlab.com,21087,Kingsville,MD,11819 Stoney Batter Road,4105928000
Laney,Letcheva,pdisb_nuggs@jumpstartlab.com,21742,Hagerstown,MD,1401 potomac ave,8459887000
Carl,See,fuoungma@jumpstartlab.com,20740,College Park,MD,247-09D Leonardtown,6785710000
Matthew,Borick,gclue-hitchens11@jumpstartlab.com,20742,College Park,MD,247-09-C New Leonardtown,3013469000
Alexis,Kauffman,ctnteyj@jumpstartlab.com,21218,Baltimore,MD,3339 N. Charles St.,6173650000
Whitney,San Roman,fgoore@jumpstartlab.com,21218,Baltimore,MD,2 w. University Pkwy,6173650000
Eleanor,Tran,tiperchick447@jumpstartlab.com,20852,Rockville,MD,6010 California Cir 114,6173650000
Ben,Sibelman,kntsosj@jumpstartlab.com,21218,Baltimore,MD,712 Montpelier,6173650000
Isabelle,Thatcher,dybosem@jumpstartlab.com,21218,Baltimore,MD,3339 N. Charles,6173650000
Liana,Gent,eggordon@jumpstartlab.com,21218,Baltimore,MD,3900 Halstead,6173650000
Jessica,Bissessar,kkazirak@jumpstartlab.com,21210,Baltimore,MD,110 W. 39th,6173650000
Jake,Matthews,feaversnob@jumpstartlab.com,21218,Baltimore,MD,3501 st. paul,6173650000
Stephen,Xx,tull31@jumpstartlab.com,21218,Baltimore,MD,3339 n charles,6173650000
Laura,Boyle,vvaterma@jumpstartlab.com,21210,Baltimore,MD,110 w 39th,6173650000
John,Westwood,ngelacolwell@jumpstartlab.com,21218,Baltimore,MD,3301 n charles st.,6173650000
Laura,Webster,ows_braun@jumpstartlab.com,21218,Baltimore,MD,3003 n charles st,6173650000
Cassidy,Smith,vxurengill@jumpstartlab.com,21218,Baltimore,MD,3003 n charles st,6173650000
Sherry,Khouang,ceanzet@jumpstartlab.com,21216,x,MD,x,3016131000
Keonna,Caldwell,lwlarali@jumpstartlab.com,21216,x,MD,x,3016131000
Meghan,Student,txancourt@jumpstartlab.com,21216,x,MD,x,3016131000
Catherine,Dutton,xfnnie.woldorf@jumpstartlab.com,21216,x,MD,x,3016131000
Philip,Sangha,nmnes4re@jumpstartlab.com,21216,x,MD,x,3016131000
Neha,D'addario,wyusecc@jumpstartlab.com,21216,x,MD,x,3016131000
Russell,Kurs,rnloe.sackett@jumpstartlab.com,21216,x,MD,x,3016131000
Aditi,Rizzo,odenajean@jumpstartlab.com,21216,x,MD,x,3016131000
Meredith,Zahorian,ypebee3000@jumpstartlab.com,21216,x,MD,x,3016131000
Heather,Thompson,rdm327@jumpstartlab.com,21216,x,MD,x,3016131000
Null,Howard,uqlitzen@jumpstartlab.com,20742,College Park,MD,"247-10 Leonardtown, University of Maryland",5089549000
Jessica,Sanders,uvsorens@jumpstartlab.com,21216,x,MD,x,3016131000
Melanie,Phillips,hdaggio@jumpstartlab.com,21216,x,MD,x,3016131000
Alicia,Smedick,saoy3333@jumpstartlab.com,21216,x,MD,x,3016131000
Caroline,Mershon,ny@jumpstartlab.com,21216,x,MD,x,3016131000
Michael,Sprinzen,jyica.borgeswallace@jumpstartlab.com,21216,x,MD,x,3016131000
Sandddd,Hoffbeck,nrllinsj4@jumpstartlab.com,21216,x,MD,x,3016131000
Holly,Derwin,tcephanie.j.gardner@jumpstartlab.com,21216,x,MD,x,3016131000
Diana,Downing,sdhaw1@jumpstartlab.com,21216,x,MD,x,3016131000
Sarah,Waldman,cychelleighguillory@jumpstartlab.com,21216,x,MD,x,3016131000
Mary,Bell,cfeckerp@jumpstartlab.com,21216,x,MD,x,3016131000
Bridget,Hawes,lsmery@jumpstartlab.com,21216,x,MD,x,3016131000
Philip,Cruickshank,plerris@jumpstartlab.com,21216,x,MD,x,3016131000
Robert,Kohnstamm,ruood1988@jumpstartlab.com,21216,x,MD,x,3016131000
Jason,Law,agle_Rosenblad@jumpstartlab.com,21216,x,MD,x,3016131000
Eric,Owens,moilema1@jumpstartlab.com,21216,x,MD,x,3016131000
Jillian,Dennis,urchnibe@jumpstartlab.com,21216,x,MD,x,3016131000
Christie,Pedicone,ixhndoe3@jumpstartlab.com,21216,x,MD,x,3016131000
Marcellus,Lane,nuttydus@jumpstartlab.com,21216,x,MD,x,3016131000
Valencia,Miller,dpaaaaaaaaa@jumpstartlab.com,21216,x,MD,x,3016131000
Elizabeth,Parry,acombard@jumpstartlab.com,21216,x,MD,x,3016131000
Juliet,Gill,tqnniferkrill@jumpstartlab.com,21216,x,MD,x,3016131000
Catherine,Howell-Dinger,arnneryis007@jumpstartlab.com,21216,x,MD,x,3016131000
Andrea,Marchessault,ord9@jumpstartlab.com,21216,x,MD,x,3016131000
Jane,Mendez,natowel@jumpstartlab.com,21216,x,MD,x,3016131000
J,Ray-Mazumder,tmclaibo@jumpstartlab.com,21216,x,MD,x,3016131000
Lea,Finkel,reanelle.dugan@jumpstartlab.com,21216,x,MD,x,3016131000
Whitney,Lynch,ahccernsv@jumpstartlab.com,21216,x,MD,x,3016131000
Michael,Moynahan,hkianhalprin@jumpstartlab.com,21216,x,MD,x,3016131000
James,Webster,vouljosephpark@jumpstartlab.com,21216,x,MD,x,3016131000
Catherine,Carodenuto,rcura.lipinski@jumpstartlab.com,21216,x,MD,x,3016131000
Francesca,Heinichen,lynfranklin@jumpstartlab.com,21216,x,MD,x,3016131000
Elise,Shapiro,aesout08@jumpstartlab.com,21216,x,MD,x,3016131000
Andreah,Van Eck,qxcthruhiker17@jumpstartlab.com,21216,x,MD,x,3016131000
Marci,Wright,rbrie.stratton@jumpstartlab.com,21216,x,MD,x,3016131000
Mary,Skaggs,ijlldurrett@jumpstartlab.com,21216,x,MD,x,3016131000
Lorenzo,Coleman,jjaslett@jumpstartlab.com,21216,x,MD,x,3016131000
Andrew,Colehor,gjlupkin@jumpstartlab.com,21216,x,MD,x,3016131000
Beth,Laird,umt24@jumpstartlab.com,21216,x,MD,x,3016131000
Arielle,Dooley-Feldman,kkccrory@jumpstartlab.com,21216,x,MD,x,3016131000
Katherine,Maloney,rcng2106@jumpstartlab.com,21216,x,MD,x,3016131000
Rebecca,Uzuki,gkpagecolby@jumpstartlab.com,21216,x,MD,x,3016131000
Georgia,Brown,pikeAli27@jumpstartlab.com,21216,x,MD,x,3016131000
Euric,Griffin,rcll32@jumpstartlab.com,21216,x,MD,x,3016131000
Natalie,Jones,korkson.allegra@jumpstartlab.com,21216,x,MD,x,3016131000
Stacy,Reese,yohley.leclare@jumpstartlab.com,21216,x,MD,x,3016131000
Charles,Bolton,tfedina4@jumpstartlab.com,21224,Baltimore,MD,1010 S. Kenwood Ave.,8143973000
Tarini,Atcheson,xkracken@jumpstartlab.com,21045,Columbia,MD,8945 Footed Ridge,4109920000
Jamie,Marden,assse.d.jenkins@jumpstartlab.com,20742,College Park,MD,"4230 Knox Road, Apt. 1530",4432579000
Lillian,Repka,nywaibi@jumpstartlab.com,20742,College Park,MD,3109 Cambridge,2404260000
Natalie,Weinstein,xuwilburn11@jumpstartlab.com,20742,College Park,MD,"247-9 Leonardtown Hall, University of Maryland",2404010000
Nicholas,Cooper,yyvidpcorrado@jumpstartlab.com,20740,College Park,MD,8000 Boteler Lane,9788444000
Shannon,Stewart,liarry@jumpstartlab.com,21250,Baltimore,MD,1000 Hilltop Circle,4102276000
Melanie,Manchada,gxudgens@jumpstartlab.com,20854,Potomac,MD,1492 Selworthy Rd,7183054000
Steph,Frederick,krott@jumpstartlab.com,29740,College Park,MD,8000 Boteler Lane Apt #124A,4104585000
Tamara,Siegel,dingbodu@jumpstartlab.com,21239,baltimore,MD,6905 donachie rd apt f,3012579000
Jay,Jeff,pmahlstr@jumpstartlab.com,21286,Towson,MD,303 E. Burke Rd Apt C,3012579000
Laurie,Clancy,jk@jumpstartlab.com,20895,kensington,MD,3115-8 university blvd west,3012579000
Jane,White,fpikatri@jumpstartlab.com,21204,Towson,MD,8007 york rd apt C1,3012579000
Cara,Brubaker,tvnglese1@jumpstartlab.com,20742,College Park,MD,6121 Centreville Hall,3103704000
Marcelino,O'Bryon,jxrrieweikle@jumpstartlab.com,20740,College Park,MD,8000 Boteler Lane Apt. 124,3022455000
Jessica,Wang,vwinsa02@jumpstartlab.com,21093,lutherville,MD,11209 greenspring ave,4436297000
Kirsten,Suzor,hwiderc@jumpstartlab.com,20740,college park,MD,4603 harvard rd.,4439942000
Amanda,Dougherty,ukmitch07@jumpstartlab.com,20602,waldorf,MD,607 wilson ln,2402103000
X,Griffard,skmbolger@jumpstartlab.com,20646,La Plata,MD,6580 glendale place,3012667000
Sarah,Williams,dvjaff07@jumpstartlab.com,21136,reisterstown,MD,14021 woodlings lane,4436324000
Sarah,Brisbois,wqlee0808@jumpstartlab.com,21218,Baltimore,MD,3043 Frisby St.,4436324000
Kelly,Santoro,auurtney.marie.davis@jumpstartlab.com,20912,Takoma Park,MD,28 Lee Ave. Apt. 303,2402054000
Alice,Ogutu,ury1@jumpstartlab.com,21047,fallston,MD,3327 charles st,4436167000
Stephen,Fonda-Bonardi,rilking_contradiction_27@jumpstartlab.com,20601,waldorf,MD,3802 brewster circle,2403469000
Jordan,Pfeffer,xfanjarr@jumpstartlab.com,20912,takoma park,MD,251 manor circle,2404614000
Hilary,Nayeem,lhavis@jumpstartlab.com,20912,takoma park,MD,251 manor circle,3018141000
Charlotte,Syrig,wwedellstiles@jumpstartlab.com,20782,Hyattsville,MD,6201 41st Ave,3013184000
Zachary,Reinauer,qrantiag@jumpstartlab.com,20742,College Park,MD,5218 Centreville,3046045000
Emma,Barker,rcberger@jumpstartlab.com,20816,Bethesda,MD,2 Bay Tree Lane,3013200000
Bradly,Zamudio,fyaronsmith@jumpstartlab.com,20742,College Park,MD,1102 Somerset Hall,4102180000
Megan,Sager,xglia.shindel@jumpstartlab.com,20781,Hyattsville,MD,4227 Oglethorpe St.,5134172000
Null,Gupta,sxhndoe14@jumpstartlab.com,20910,Silver Spring,MD,"1133 E West Hwy, Ste 319-W",8125523000
Meredith,Doe,uimenez@jumpstartlab.com,20740,College Park,MD,8000 Travis Ln,3012529000
Zach,Fencl,smTAK@jumpstartlab.com,20740,College Park,MD,"8204 Baltimore Ave, Apt 718B",5136803000
Brandon,Zimmer,mmockc6@jumpstartlab.com,21701,Frederick,MD,401 Rosemont Ave.,7327798000
Paul,Lazarowski,qnudmer@jumpstartlab.com,20860,Sandy Spring,MD,17714 Meetinghouse Rd,3013790000
Shane,August,anhilips@jumpstartlab.com,20912,Takoma Park,MD,1012 Heather Ave,3018912000
Leslie,Barns,ufoff@jumpstartlab.com,21788,Thurmont,MD,24 JerMae St,2406261000
Scott,Parker,qhuer321@jumpstartlab.com,20833,Brookeville,MD,19308 Alderbarn Ct,2022701000
Shannon,Patrick,foshankland@jumpstartlab.com,20850,Rockvile,MD,4 Vallingby Circle,2407500000
Sophia,Haskell,gbffb_123@jumpstartlab.com,20770,Greenbelt,MD,14-N Laurel Hill Road,3014740000
Rose,Arnold,oqenville@jumpstartlab.com,20906,Silver Spring,MD,6 Middlebridge Ct,3012337000
Alison,Dickson,xoolloway10@jumpstartlab.com,20854,Potomac,MD,8158 Inverness Ridge Road,3012995000
Eliza,Xx,wqrah.mary89@jumpstartlab.com,20854,Potomac,MD,11713 Charen Lane,3019832000
Kirsten,Chronis,frmooski@jumpstartlab.com,20723,Laurel,MD,10584 Hunters Way,3016174000
Dominique,DeWolf,xwh001@jumpstartlab.com,20901,Silver Spring,MD,9407 Worth Ave,3015880000
Sam,Wetherill,fyvegetarian@jumpstartlab.com,20901,Silver Spring,MD,10823 Margate Road,2404856000
X,Comer,iaivings@jumpstartlab.com,20815,Chevy Chase,MD,3708 Underwood Rd,2406728000
Katie,Roy,dhigsi01@jumpstartlab.com,20782,Hyattsville,MD,6201 41st Ave,2063722000
Jessica,Avendano,ruoore10@jumpstartlab.com,20902,Silver Spring,MD,1814 August Dr,3017875000
Lauren,Marquis,fqenshen@jumpstartlab.com,20902,Wheaton,MD,2103 Hermitage Road,3018303000
Michael,Spero,dcna.kuhnline@jumpstartlab.com,20901,Silver Spring,MD,8905 Sudbury Road,3018019000
Liam,Theden,psmcgrew@jumpstartlab.com,20905,Silver Spring,MD,2217 Link Road,3014211000
Stephanie,Siegler,npmaho06@jumpstartlab.com,20782,University Park,MD,6905 Pineway Ave,2406027000
Ruth,Wofford,paallmeyer@jumpstartlab.com,20815,Chevy Chase,MD,7423 Lynnhurst Street,2404971000
Jane,Schwaneke,fjh224@jumpstartlab.com,20850,Rockville,MD,310 Crabb Avenue,3012197000
Sajeewa,Tedrow,gerumber@jumpstartlab.com,20855,Derwood,MD,7710 Iron Forge Court,3017606000
Rhiannon,McCall,plgermal@jumpstartlab.com,20742,College Park,MD,4111 Elkton Hall,3014667000
Shannen,Queen,kjinda.manglik@jumpstartlab.com,20832,Olney,MD,4105 Alfalfa Terrace,3017749000
Meg,Smith,jy379@jumpstartlab.com,20740,College Park,MD,5024 Berwyn Road,3013184000
Arden,Lkjklljlkj,hslftylerblue@jumpstartlab.com,20742,College Park,MD,3106 Dorchester Hall,2402529000
Kara,Baker,cms.bischoff@jumpstartlab.com,20912,Takoma Park,MD,7600 Flower Ave.,2408884000
Genevieve,Catellacci,gyura.Kriegel@jumpstartlab.com,20742,College Park,MD,6109 Hagerstown Hall,3013184000
Eliza,Gromisch,lqmoresch@jumpstartlab.com,21701,Frederick,MD,8241 Black Hawk Court,3016761000
Dordt,Tale,qxope@jumpstartlab.com,20742,College Park,MD,5104 Denton Hall,4107107000
Christian,Rueter,xlean@jumpstartlab.com,21804,Salisbury,MD,224 Onley Road #103-A,2404980000
Sarah,Gosse,bsore@jumpstartlab.com,20912,Takoma Park,MD,7600 Flower Ave.,3042795000
Austin,Brummel,lpldor_a@jumpstartlab.com,20740,College Park,MD,8000 Boteler Lane,3013184000
Joseph,Kolb,avdisido@jumpstartlab.com,20740,College Park,MD,8000 Boteler Lane,3013184000
Seth,Holleb,ouitlinef324@jumpstartlab.com,20740,College Park,MD,"4226 Guilford Drive, Apt A",3019103000
Jordan,Holdaway,ekazanec@jumpstartlab.com,20742,College park,MD,8133 Hagerstown Hall,3015239000
Lorena,Gladfelter,ylnjen3323@jumpstartlab.com,21157,Westminster,MD,2 College Hill,3012040000
Ben,Rawstron,xjpivey@jumpstartlab.com,20782,Hyattsville,MD,6201 41st Ave,3193504000
Laura,Butler,drCyprian@jumpstartlab.com,20742,College Park,MD,247-9C New Leonardtown,3013184000
Jake,Sorenson,pqowen09@jumpstartlab.com,20740,College Park,MD,4902 Cherokee Street,3017127000
Kyle,Wolfson,gjethin@jumpstartlab.com,20712,Mount Rainier,MD,4004 32nd St,2022220000
Kerry,Spence,cghsjp@jumpstartlab.com,20740,College Park,MD,7400 Columbia Ave,4103031000
Dan,Aungst,vmrthsaver@jumpstartlab.com,20657,Lusby,MD,12545 Catalina Drive,5034758000
